category,total_revenue,total_quantity,sku_count
services,879469.6656035909,380565,537
gifts,569465.7776490204,251398,159
home_decor,297548.86238033697,230502,259
stationery,211343.84845238095,150033,78
miscellaneous,182951.985485452,60669,60
kitchen,133357.98516849815,84514,74
storage,84762.84410497836,37299,53
garden,29919.948833333332,28947,111
fashion,27638.96,29232,181
toys,4559.3,1787,13
